"","nGene","nUMI","orig.ident","proportion.mito","Samples","res.0.6","cluster","cluster.id","cluster_named"
"AAAGTAGTCCTTCAAT",955,2935,"C1",0.0507666098807492,"C1","10","10","10","Monocytes, control"
"ACACCGGCAAGGCTCC",2276,8386,"C1",0.0795373241116151,"C1","10","10","10","Monocytes, control"
"ACACTGAAGCTATGCT",918,2222,"C1",0.106210621062107,"C1","10","10","10","Monocytes, control"
"AGCAGCCTCCTGCCAT",637,1857,"C1",0.0710823909531498,"C1","10","10","10","Monocytes, control"
"AGCTTGAGTCTTCTCG",2151,10927,"C1",0.0296513224123731,"C1","10","10","10","Monocytes, control"
"ATAACGCTCTGTCTAT",616,1307,"C1",0.0795715378729914,"C1","10","10","10","Monocytes, control"
"ATAAGAGGTAATCGTC",1209,4151,"C1",0.0556492411467121,"C1","10","10","10","Monocytes, control"
"ATCCGAAAGCTGTCTA",1430,4339,"C1",0.0417146808020284,"C1","10","10","10","Monocytes, control"
"ATCTGCCGTCTCTCGT",1566,5274,"C1",0.0523321956769053,"C1","10","10","10","Monocytes, control"
"ATGCGATTCGCCTGAG",1937,7008,"C1",0.071489726027397,"C1","10","10","10","Monocytes, control"
"CAAGGCCGTTGATTCG",1193,3100,"C1",0.0622580645161294,"C1","10","10","10","Monocytes, control"
"CACACAACAGCAGTTT",607,1201,"C1",0.121565362198168,"C1","10","10","10","Monocytes, control"
"CACAGGCAGAGGACGG",768,1768,"C1",0.0542986425339367,"C1","10","10","10","Monocytes, control"
"CACCACTCATCCCACT",2414,10845,"C1",0.130843706777315,"C1","10","10","10","Monocytes, control"
"CAGCCGATCTGACCTC",514,1175,"C1",0.0238297872340427,"C1","10","10","10","Monocytes, control"
"CCAATCCCAATAGAGT",1135,3080,"C1",0.0876623376623374,"C1","10","10","10","Monocytes, control"
"CGATGGCCATTGGGCC",1367,4254,"C1",0.106723084156087,"C1","10","10","10","Monocytes, control"
"CGGTTAACATGGGAAC",2473,10652,"C1",0.092095381149083,"C1","10","10","10","Monocytes, control"
"CTGAAACCACTGAAGG",1379,4647,"C1",0.0348612007746937,"C1","10","10","10","Monocytes, control"
"GAACCTAAGAGTACCG",3216,18940,"C1",0.0314149947201685,"C1","10","10","10","Monocytes, control"
"GACGGCTAGGTGGGTT",931,2429,"C1",0.0860436393577602,"C1","10","10","10","Monocytes, control"
"GACTGCGGTCAAGCGA",3111,17137,"C1",0.0480247417867775,"C1","10","10","10","Monocytes, control"
"GATGAGGGTGTCAATC",965,2905,"C1",0.0306368330464716,"C1","10","10","10","Monocytes, control"
"GCTGCGAGTGGTCTCG",1464,5096,"C1",0.0975274725274718,"C1","10","10","10","Monocytes, control"
"GTTAAGCCACAAGACG",1355,4092,"C1",0.0305474095796683,"C1","10","10","10","Monocytes, control"
"TACACGATCGGAAATA",1490,5671,"C1",0.0444366073002992,"C1","10","10","10","Monocytes, control"
"TACGGTACAGCCAGAA",1563,5095,"C1",0.0473012757605496,"C1","10","10","10","Monocytes, control"
"TAGAGCTCATGAACCT",2417,11851,"C1",0.0474221584676409,"C1","10","10","10","Monocytes, control"
"TAGGCATTCCAGGGCT",1634,5527,"C1",0.0580785236113621,"C1","10","10","10","Monocytes, control"
"TCAGGATGTCTCGTTC",724,1289,"C1",0.12800620636152,"C1","10","10","10","Monocytes, control"
"TCGTACCTCCACGAAT",719,1720,"C1",0.0720930232558136,"C1","10","10","10","Monocytes, control"
"TCTATTGTCGATAGAA",1025,2662,"C1",0.0905334335086412,"C1","10","10","10","Monocytes, control"
"TGCCCTATCATCGATG",1552,5179,"C1",0.0204672716740684,"C1","10","10","10","Monocytes, control"
"TGTCCCAAGGCGACAT",1535,5131,"C1",0.0385889690118879,"C1","10","10","10","Monocytes, control"
"TGTTCCGGTTTGACTG",2576,10316,"C1",0.0721209771229164,"C1","10","10","10","Monocytes, control"
"TTTGTCAAGGTGCACA",2128,8475,"C1",0.0392920353982297,"C1","10","10","10","Monocytes, control"
"C2_AAATGCCGTAAGTGGC",1747,6348,"C2",0.0598613736609958,"C2","10","10","10","Monocytes, control"
"C2_AACCGCGAGCGAGAAA",1085,3399,"C2",0.0629596940276551,"C2","10","10","10","Monocytes, control"
"C2_AATCGGTGTTTGACAC",841,2464,"C2",0.0909090909090903,"C2","10","10","10","Monocytes, control"
"C2_ACACCCTGTCATATCG",1597,5577,"C2",0.0442890442890442,"C2","10","10","10","Monocytes, control"
"C2_ACTTGTTAGGACCACA",1347,4142,"C2",0.0463544181554801,"C2","10","10","10","Monocytes, control"
"C2_AGAGTGGAGAGCCTAG",827,2238,"C2",0.0522788203753353,"C2","10","10","10","Monocytes, control"
"C2_AGGTCCGGTCACAAGG",1029,2649,"C2",0.0656851642129105,"C2","10","10","10","Monocytes, control"
"C2_ATAACGCTCTTGAGGT",1097,3095,"C2",0.0510500807754442,"C2","10","10","10","Monocytes, control"
"C2_ATGAGGGCAACAACCT",816,2096,"C2",0.0372137404580151,"C2","10","10","10","Monocytes, control"
"C2_ATGCGATGTTCAACCA",2961,15401,"C2",0.0743458216998869,"C2","10","10","10","Monocytes, control"
"C2_ATTGGACCAGTTCATG",2357,10504,"C2",0.115289413556739,"C2","10","10","10","Monocytes, control"
"C2_CAACCTCAGCACGCCT",1026,3279,"C2",0.0631290027447395,"C2","10","10","10","Monocytes, control"
"C2_CATCCACAGGAGTAGA",1179,3255,"C2",0.0543778801843314,"C2","10","10","10","Monocytes, control"
"C2_CCACCTACAATGACCT",1080,3065,"C2",0.0897226753670464,"C2","10","10","10","Monocytes, control"
"C2_CCATTCGTCCCTGACT",1156,3829,"C2",0.0720814834160364,"C2","10","10","10","Monocytes, control"
"C2_CCCAGTTCAAGTAATG",1962,7435,"C2",0.0772024209818442,"C2","10","10","10","Monocytes, control"
"C2_CCCTCCTAGGCAGTCA",3165,16135,"C2",0.0718314223737188,"C2","10","10","10","Monocytes, control"
"C2_CGAATGTCAAGTACCT",1650,5521,"C2",0.0668357181669972,"C2","10","10","10","Monocytes, control"
"C2_CGACTTCCAAGACGTG",1175,3429,"C2",0.0522018081073203,"C2","10","10","10","Monocytes, control"
"C2_CGAGCCAAGATCCGAG",1763,6996,"C2",0.0949113779302469,"C2","10","10","10","Monocytes, control"
"C2_CGATCGGCACCTCGGA",2102,8397,"C2",0.0984875550791963,"C2","10","10","10","Monocytes, control"
"C2_CGTCTACGTCACCCAG",766,2145,"C2",0.051748251748252,"C2","10","10","10","Monocytes, control"
"C2_CGTGAGCGTAGCTTGT",1407,4282,"C2",0.0969173283512385,"C2","10","10","10","Monocytes, control"
"C2_CGTGTAAGTGTTGGGA",1359,4157,"C2",0.13086360356026,"C2","10","10","10","Monocytes, control"
"C2_CGTTAGACAGTGGAGT",986,2657,"C2",0.109522017312758,"C2","10","10","10","Monocytes, control"
"C2_CTAACTTAGAGACGAA",1574,5963,"C2",0.0684219352674811,"C2","10","10","10","Monocytes, control"
"C2_CTAACTTTCAACACAC",1732,5637,"C2",0.039382650345928,"C2","10","10","10","Monocytes, control"
"C2_CTCACACGTCCAGTAT",1704,7570,"C2",0.0328929986789959,"C2","10","10","10","Monocytes, control"
"C2_CTCAGAATCAAGAAGT",1304,4600,"C2",0.0521739130434785,"C2","10","10","10","Monocytes, control"
"C2_CTCCTAGGTCCCTTGT",1939,6844,"C2",0.0835768556399754,"C2","10","10","10","Monocytes, control"
"C2_CTCGTCATCATGCATG",907,2859,"C2",0.0601608954179789,"C2","10","10","10","Monocytes, control"
"C2_CTTGGCTAGCGCCTCA",799,2159,"C2",0.0764242704955997,"C2","10","10","10","Monocytes, control"
"C2_GAATAAGGTATGAAAC",1368,4707,"C2",0.127257276396856,"C2","10","10","10","Monocytes, control"
"C2_GAGTCCGAGAAACCGC",949,2984,"C2",0.128686327077747,"C2","10","10","10","Monocytes, control"
"C2_GATGAGGAGTATCTCG",524,1136,"C2",0.100352112676056,"C2","10","10","10","Monocytes, control"
"C2_GCACATAGTCCAAGTT",857,2279,"C2",0.0368582711715662,"C2","10","10","10","Monocytes, control"
"C2_GCGAGAACATAACCTG",2492,10592,"C2",0.0813821752265845,"C2","10","10","10","Monocytes, control"
"C2_GCTCTGTGTCTTCGTC",545,1259,"C2",0.0452740270055596,"C2","10","10","10","Monocytes, control"
"C2_GGAAAGCGTGCAGTAG",856,2547,"C2",0.0565371024734982,"C2","10","10","10","Monocytes, control"
"C2_GGACGTCTCAGTTTGG",1007,3000,"C2",0.116000000000001,"C2","10","10","10","Monocytes, control"
"C2_GGCAATTCAAACCCAT",1667,6190,"C2",0.148626817447493,"C2","10","10","10","Monocytes, control"
"C2_GGGCATCAGTCGAGTG",1298,4146,"C2",0.0885190545103716,"C2","10","10","10","Monocytes, control"
"C2_GTATTCTTCCATGCTC",951,2570,"C2",0.0743190661478605,"C2","10","10","10","Monocytes, control"
"C2_TACACGACACGGACAA",520,1598,"C2",0.0444305381727159,"C2","10","10","10","Monocytes, control"
"C2_TACGGGCTCATGGTCA",1343,6338,"C2",0.0342379299463554,"C2","10","10","10","Monocytes, control"
"C2_TAGGCATAGGAGTAGA",1778,7054,"C2",0.119790189963141,"C2","10","10","10","Monocytes, control"
"C2_TATCTCATCACCTTAT",1172,3509,"C2",0.0390424622399544,"C2","10","10","10","Monocytes, control"
"C2_TCATTACTCCGTAGGC",1584,6073,"C2",0.0981393051210283,"C2","10","10","10","Monocytes, control"
"C2_TCGAGGCTCTGGGCCA",958,2600,"C2",0.0530769230769223,"C2","10","10","10","Monocytes, control"
"C2_TCGCGTTTCATTGCCC",730,1693,"C2",0.0555227406969879,"C2","10","10","10","Monocytes, control"
"C2_TGACAACGTTAAAGAC",622,1365,"C2",0.0930402930402935,"C2","10","10","10","Monocytes, control"
"C2_TGCGCAGCAGGTCGTC",1273,4270,"C2",0.0817330210772843,"C2","10","10","10","Monocytes, control"
"C2_TGGCGCAAGTTAACGA",2313,9721,"C2",0.0673798991873263,"C2","10","10","10","Monocytes, control"
"C2_TGTCCCAGTAAACACA",1267,4430,"C2",0.0593679458239287,"C2","10","10","10","Monocytes, control"
"C2_TTCTACAGTATTCTCT",1868,7587,"C2",0.0822459470146304,"C2","10","10","10","Monocytes, control"
"C2_TTCTCCTAGTATCTCG",1745,7223,"C2",0.0322580645161297,"C2","10","10","10","Monocytes, control"
"C2_TTCTCCTTCAGCTCGG",1518,3868,"C2",0.0312823164426062,"C2","10","10","10","Monocytes, control"
"C2_TTTACTGCAGAAGCAC",1747,6625,"C2",0.0439245283018872,"C2","10","10","10","Monocytes, control"
"C3_ACATCAGCACTAGTAC",985,3941,"C3",0.0527784826186254,"C3","10","10","10","Monocytes, control"
"C3_ACGATACTCAAGGTAA",1112,4713,"C3",0.0350095480585613,"C3","10","10","10","Monocytes, control"
"C3_ACTGTCCGTTGCCTCT",1089,2806,"C3",0.0627227369921603,"C3","10","10","10","Monocytes, control"
"C3_ACTGTCCTCGTACGGC",1330,4163,"C3",0.0672591880855166,"C3","10","10","10","Monocytes, control"
"C3_AGAGTGGTCCGTAGTA",1334,4089,"C3",0.0660308143800447,"C3","10","10","10","Monocytes, control"
"C3_GTAGGCCAGCGGCTTC",1985,7716,"C3",0.0762052877138415,"C3","10","10","10","Monocytes, control"
"C3_TATCAGGAGATCTGCT",769,1672,"C3",0.11901913875598,"C3","10","10","10","Monocytes, control"
"C3_TCTCTAAAGTGTCTCA",1242,4095,"C3",0.0647130647130645,"C3","10","10","10","Monocytes, control"
"P1_AAAGTAGCAACCGCCA",1418,7444,"P1",0.0221655024180548,"P1","10","10","10","Monocytes, control"
"P1_CATGGCGAGTACGTAA",1698,8425,"P1",0.0376261127596445,"P1","10","10","10","Monocytes, control"
"P1_GACAGAGTCGAGCCCA",2731,13797,"P1",0.0304414003044131,"P1","10","10","10","Monocytes, control"
"P1_GTGTGCGCAGTGAGTG",2497,12812,"P1",0.0199032157352477,"P1","10","10","10","Monocytes, control"
"P1_TGCGGGTGTCTTGTCC",2820,14608,"P1",0.0271084337349391,"P1","10","10","10","Monocytes, control"
"P1_TTGTAGGTCAACCATG",2084,8360,"P1",0.017822966507177,"P1","10","10","10","Monocytes, control"
"P2_AAGGCAGTCCACGTTC",2424,13375,"P2",0.0401495327102801,"P2","10","10","10","Monocytes, control"
"P2_ACTTTCAAGTACGTAA",2099,9963,"P2",0.0295091839807288,"P2","10","10","10","Monocytes, control"
"P2_ATGGGAGAGAGACTAT",3629,18273,"P2",0.0338203907404372,"P2","10","10","10","Monocytes, control"
"P2_CAACCAATCTAACTGG",1656,7340,"P2",0.0378746594005458,"P2","10","10","10","Monocytes, control"
"P2_CAGCCGAAGCTCTCGG",1121,5139,"P2",0.0110916520723876,"P2","10","10","10","Monocytes, control"
"P2_CCACGGATCTCGATGA",1669,8074,"P2",0.0309635868218973,"P2","10","10","10","Monocytes, control"
"P2_CCTTCCCAGCAACGGT",887,3060,"P2",0.0460784313725488,"P2","10","10","10","Monocytes, control"
"P2_CGTGTCTCAGATGGCA",1700,8092,"P2",0.0360850222441919,"P2","10","10","10","Monocytes, control"
"P2_CTCGAGGAGGGTCGAT",1685,8634,"P2",0.0304609682649988,"P2","10","10","10","Monocytes, control"
"P2_CTCGAGGTCAATAAGG",1899,9128,"P2",0.0274978089395263,"P2","10","10","10","Monocytes, control"
"P2_CTCTACGGTAGAGGAA",914,2891,"P2",0.049809754410239,"P2","10","10","10","Monocytes, control"
"P2_CTTAACTGTGCAACGA",2799,14523,"P2",0.0366315499552434,"P2","10","10","10","Monocytes, control"
"P2_GACTACAGTACGACCC",2397,11503,"P2",0.0288620359906113,"P2","10","10","10","Monocytes, control"
"P2_GCACATACAAATACAG",2033,9452,"P2",0.0356538298772756,"P2","10","10","10","Monocytes, control"
"P2_GGTGAAGGTACCGTTA",2192,10023,"P2",0.0408061458645103,"P2","10","10","10","Monocytes, control"
"P2_GTACTTTTCAGCAACT",1031,3653,"P2",0.0112236517930467,"P2","10","10","10","Monocytes, control"
"P2_GTAGGCCAGGCTAGCA",1168,3783,"P2",0.0531324345757327,"P2","10","10","10","Monocytes, control"
"P2_GTCTCGTGTGACGGTA",1425,3974,"P2",0.0284348263714142,"P2","10","10","10","Monocytes, control"
"P2_TCAACGACATGACATC",809,2085,"P2",0.0805755395683448,"P2","10","10","10","Monocytes, control"
"P2_TCTTCGGTCAACACCA",1964,8910,"P2",0.0268237934904607,"P2","10","10","10","Monocytes, control"
"P2_TGATTTCTCGTGACAT",1761,7918,"P2",0.0364991159383688,"P2","10","10","10","Monocytes, control"
"P2_TGCTGCTCAGTGAGTG",1231,5729,"P2",0.0258334787921103,"P2","10","10","10","Monocytes, control"
"P2_TGTATTCTCATGTGGT",1316,5960,"P2",0.0567114093959735,"P2","10","10","10","Monocytes, control"
"P2_TGTGGTAGTCGCTTTC",1689,6528,"P2",0.0451899509803929,"P2","10","10","10","Monocytes, control"
"P2_TTAGGACCATGAACCT",3132,15394,"P2",0.0565155255294286,"P2","10","10","10","Monocytes, control"
"P3_CACAGGCGTTCCACAA",2321,12422,"P3",0.0292223474480755,"P3","10","10","10","Monocytes, control"
"P3_CATATGGTCTTTCCTC",2719,10524,"P3",0.0224249334853672,"P3","10","10","10","Monocytes, control"
"P3_CCCTCCTGTGGTACAG",2721,15067,"P3",0.0306630384283536,"P3","10","10","10","Monocytes, control"
"P3_CGAGAAGTCCAGGGCT",1364,3786,"P3",0.0235076597992608,"P3","10","10","10","Monocytes, control"
"P3_CGTTCTGAGTCCATAC",662,1632,"P3",0.10906862745098,"P3","10","10","10","Monocytes, control"
"P3_GATCGATGTTAGATGA",3091,16415,"P3",0.0272311909838562,"P3","10","10","10","Monocytes, control"
"P3_GCATACAGTGTATGGG",1308,3504,"P3",0.0573630136986294,"P3","10","10","10","Monocytes, control"
"P3_GCGCAACGTCACCCAG",1003,3346,"P3",0.0191273161984457,"P3","10","10","10","Monocytes, control"
"P3_GGACAAGCATCACGTA",621,1579,"P3",0.0189993666877772,"P3","10","10","10","Monocytes, control"
"P3_GTTAAGCTCCACGCAG",1700,7002,"P3",0.0298486146815199,"P3","10","10","10","Monocytes, control"
"P3_TTAACTCTCCACGTTC",908,2109,"P3",0.0317686107159789,"P3","10","10","10","Monocytes, control"
"P3_TTCTCAAGTTTCGCTC",3145,15490,"P3",0.0258231116849592,"P3","10","10","10","Monocytes, control"
